-- phpMyAdmin SQL Dump
-- version 5.2.3
-- https://www.phpmyadmin.net/
--
-- Servidor: localhost:3306
-- Tiempo de generación: 18-05-2026 a las 20:00:39
-- Versión del servidor: 8.4.3
-- Versión de PHP: 8.3.30

SET SQL_MODE = "NO_AUTO_VALUE_ON_ZERO";
START TRANSACTION;
SET time_zone = "+00:00";


/*!40101 SET @OLD_CHARACTER_SET_CLIENT=@@CHARACTER_SET_CLIENT */;
/*!40101 SET @OLD_CHARACTER_SET_RESULTS=@@CHARACTER_SET_RESULTS */;
/*!40101 SET @OLD_COLLATION_CONNECTION=@@COLLATION_CONNECTION */;
/*!40101 SET NAMES utf8mb4 */;

--
-- Base de datos: `sillage`
--

-- --------------------------------------------------------

--
-- Estructura de tabla para la tabla `cache`
--

CREATE TABLE `cache` (
  `key` varchar(255) COLLATE utf8mb4_unicode_ci NOT NULL,
  `value` mediumtext COLLATE utf8mb4_unicode_ci NOT NULL,
  `expiration` int NOT NULL
) ENGINE=InnoDB DEFAULT CHARSET=utf8mb4 COLLATE=utf8mb4_unicode_ci;

--
-- Volcado de datos para la tabla `cache`
--

INSERT INTO `cache` (`key`, `value`, `expiration`) VALUES
('laravel-cache-356a192b7913b04c54574d18c28d46e6395428ab', 'i:1;', 1779077066),
('laravel-cache-356a192b7913b04c54574d18c28d46e6395428ab:timer', 'i:1779077066;', 1779077066),
('laravel-cache-spatie.permission.cache', 'a:3:{s:5:\"alias\";a:4:{s:1:\"a\";s:2:\"id\";s:1:\"b\";s:4:\"name\";s:1:\"c\";s:10:\"guard_name\";s:1:\"r\";s:5:\"roles\";}s:11:\"permissions\";a:108:{i:0;a:4:{s:1:\"a\";i:1;s:1:\"b\";s:15:\"ViewAny:Cliente\";s:1:\"c\";s:3:\"web\";s:1:\"r\";a:1:{i:0;i:1;}}i:1;a:4:{s:1:\"a\";i:2;s:1:\"b\";s:12:\"View:Cliente\";s:1:\"c\";s:3:\"web\";s:1:\"r\";a:1:{i:0;i:1;}}i:2;a:4:{s:1:\"a\";i:3;s:1:\"b\";s:14:\"Create:Cliente\";s:1:\"c\";s:3:\"web\";s:1:\"r\";a:1:{i:0;i:1;}}i:3;a:4:{s:1:\"a\";i:4;s:1:\"b\";s:14:\"Update:Cliente\";s:1:\"c\";s:3:\"web\";s:1:\"r\";a:1:{i:0;i:1;}}i:4;a:4:{s:1:\"a\";i:5;s:1:\"b\";s:14:\"Delete:Cliente\";s:1:\"c\";s:3:\"web\";s:1:\"r\";a:1:{i:0;i:1;}}i:5;a:4:{s:1:\"a\";i:6;s:1:\"b\";s:17:\"DeleteAny:Cliente\";s:1:\"c\";s:3:\"web\";s:1:\"r\";a:1:{i:0;i:1;}}i:6;a:4:{s:1:\"a\";i:7;s:1:\"b\";s:15:\"Restore:Cliente\";s:1:\"c\";s:3:\"web\";s:1:\"r\";a:1:{i:0;i:1;}}i:7;a:4:{s:1:\"a\";i:8;s:1:\"b\";s:19:\"ForceDelete:Cliente\";s:1:\"c\";s:3:\"web\";s:1:\"r\";a:1:{i:0;i:1;}}i:8;a:4:{s:1:\"a\";i:9;s:1:\"b\";s:22:\"ForceDeleteAny:Cliente\";s:1:\"c\";s:3:\"web\";s:1:\"r\";a:1:{i:0;i:1;}}i:9;a:4:{s:1:\"a\";i:10;s:1:\"b\";s:18:\"RestoreAny:Cliente\";s:1:\"c\";s:3:\"web\";s:1:\"r\";a:1:{i:0;i:1;}}i:10;a:4:{s:1:\"a\";i:11;s:1:\"b\";s:17:\"Replicate:Cliente\";s:1:\"c\";s:3:\"web\";s:1:\"r\";a:1:{i:0;i:1;}}i:11;a:4:{s:1:\"a\";i:12;s:1:\"b\";s:15:\"Reorder:Cliente\";s:1:\"c\";s:3:\"web\";s:1:\"r\";a:1:{i:0;i:1;}}i:12;a:4:{s:1:\"a\";i:13;s:1:\"b\";s:14:\"ViewAny:Compra\";s:1:\"c\";s:3:\"web\";s:1:\"r\";a:1:{i:0;i:1;}}i:13;a:4:{s:1:\"a\";i:14;s:1:\"b\";s:11:\"View:Compra\";s:1:\"c\";s:3:\"web\";s:1:\"r\";a:1:{i:0;i:1;}}i:14;a:4:{s:1:\"a\";i:15;s:1:\"b\";s:13:\"Create:Compra\";s:1:\"c\";s:3:\"web\";s:1:\"r\";a:1:{i:0;i:1;}}i:15;a:4:{s:1:\"a\";i:16;s:1:\"b\";s:13:\"Update:Compra\";s:1:\"c\";s:3:\"web\";s:1:\"r\";a:1:{i:0;i:1;}}i:16;a:4:{s:1:\"a\";i:17;s:1:\"b\";s:13:\"Delete:Compra\";s:1:\"c\";s:3:\"web\";s:1:\"r\";a:1:{i:0;i:1;}}i:17;a:4:{s:1:\"a\";i:18;s:1:\"b\";s:16:\"DeleteAny:Compra\";s:1:\"c\";s:3:\"web\";s:1:\"r\";a:1:{i:0;i:1;}}i:18;a:4:{s:1:\"a\";i:19;s:1:\"b\";s:14:\"Restore:Compra\";s:1:\"c\";s:3:\"web\";s:1:\"r\";a:1:{i:0;i:1;}}i:19;a:4:{s:1:\"a\";i:20;s:1:\"b\";s:18:\"ForceDelete:Compra\";s:1:\"c\";s:3:\"web\";s:1:\"r\";a:1:{i:0;i:1;}}i:20;a:4:{s:1:\"a\";i:21;s:1:\"b\";s:21:\"ForceDeleteAny:Compra\";s:1:\"c\";s:3:\"web\";s:1:\"r\";a:1:{i:0;i:1;}}i:21;a:4:{s:1:\"a\";i:22;s:1:\"b\";s:17:\"RestoreAny:Compra\";s:1:\"c\";s:3:\"web\";s:1:\"r\";a:1:{i:0;i:1;}}i:22;a:4:{s:1:\"a\";i:23;s:1:\"b\";s:16:\"Replicate:Compra\";s:1:\"c\";s:3:\"web\";s:1:\"r\";a:1:{i:0;i:1;}}i:23;a:4:{s:1:\"a\";i:24;s:1:\"b\";s:14:\"Reorder:Compra\";s:1:\"c\";s:3:\"web\";s:1:\"r\";a:1:{i:0;i:1;}}i:24;a:4:{s:1:\"a\";i:25;s:1:\"b\";s:21:\"ViewAny:DetalleCompra\";s:1:\"c\";s:3:\"web\";s:1:\"r\";a:1:{i:0;i:1;}}i:25;a:4:{s:1:\"a\";i:26;s:1:\"b\";s:18:\"View:DetalleCompra\";s:1:\"c\";s:3:\"web\";s:1:\"r\";a:1:{i:0;i:1;}}i:26;a:4:{s:1:\"a\";i:27;s:1:\"b\";s:20:\"Create:DetalleCompra\";s:1:\"c\";s:3:\"web\";s:1:\"r\";a:1:{i:0;i:1;}}i:27;a:4:{s:1:\"a\";i:28;s:1:\"b\";s:20:\"Update:DetalleCompra\";s:1:\"c\";s:3:\"web\";s:1:\"r\";a:1:{i:0;i:1;}}i:28;a:4:{s:1:\"a\";i:29;s:1:\"b\";s:20:\"Delete:DetalleCompra\";s:1:\"c\";s:3:\"web\";s:1:\"r\";a:1:{i:0;i:1;}}i:29;a:4:{s:1:\"a\";i:30;s:1:\"b\";s:23:\"DeleteAny:DetalleCompra\";s:1:\"c\";s:3:\"web\";s:1:\"r\";a:1:{i:0;i:1;}}i:30;a:4:{s:1:\"a\";i:31;s:1:\"b\";s:21:\"Restore:DetalleCompra\";s:1:\"c\";s:3:\"web\";s:1:\"r\";a:1:{i:0;i:1;}}i:31;a:4:{s:1:\"a\";i:32;s:1:\"b\";s:25:\"ForceDelete:DetalleCompra\";s:1:\"c\";s:3:\"web\";s:1:\"r\";a:1:{i:0;i:1;}}i:32;a:4:{s:1:\"a\";i:33;s:1:\"b\";s:28:\"ForceDeleteAny:DetalleCompra\";s:1:\"c\";s:3:\"web\";s:1:\"r\";a:1:{i:0;i:1;}}i:33;a:4:{s:1:\"a\";i:34;s:1:\"b\";s:24:\"RestoreAny:DetalleCompra\";s:1:\"c\";s:3:\"web\";s:1:\"r\";a:1:{i:0;i:1;}}i:34;a:4:{s:1:\"a\";i:35;s:1:\"b\";s:23:\"Replicate:DetalleCompra\";s:1:\"c\";s:3:\"web\";s:1:\"r\";a:1:{i:0;i:1;}}i:35;a:4:{s:1:\"a\";i:36;s:1:\"b\";s:21:\"Reorder:DetalleCompra\";s:1:\"c\";s:3:\"web\";s:1:\"r\";a:1:{i:0;i:1;}}i:36;a:4:{s:1:\"a\";i:37;s:1:\"b\";s:15:\"ViewAny:Expense\";s:1:\"c\";s:3:\"web\";s:1:\"r\";a:1:{i:0;i:1;}}i:37;a:4:{s:1:\"a\";i:38;s:1:\"b\";s:12:\"View:Expense\";s:1:\"c\";s:3:\"web\";s:1:\"r\";a:1:{i:0;i:1;}}i:38;a:4:{s:1:\"a\";i:39;s:1:\"b\";s:14:\"Create:Expense\";s:1:\"c\";s:3:\"web\";s:1:\"r\";a:1:{i:0;i:1;}}i:39;a:4:{s:1:\"a\";i:40;s:1:\"b\";s:14:\"Update:Expense\";s:1:\"c\";s:3:\"web\";s:1:\"r\";a:1:{i:0;i:1;}}i:40;a:4:{s:1:\"a\";i:41;s:1:\"b\";s:14:\"Delete:Expense\";s:1:\"c\";s:3:\"web\";s:1:\"r\";a:1:{i:0;i:1;}}i:41;a:4:{s:1:\"a\";i:42;s:1:\"b\";s:17:\"DeleteAny:Expense\";s:1:\"c\";s:3:\"web\";s:1:\"r\";a:1:{i:0;i:1;}}i:42;a:4:{s:1:\"a\";i:43;s:1:\"b\";s:15:\"Restore:Expense\";s:1:\"c\";s:3:\"web\";s:1:\"r\";a:1:{i:0;i:1;}}i:43;a:4:{s:1:\"a\";i:44;s:1:\"b\";s:19:\"ForceDelete:Expense\";s:1:\"c\";s:3:\"web\";s:1:\"r\";a:1:{i:0;i:1;}}i:44;a:4:{s:1:\"a\";i:45;s:1:\"b\";s:22:\"ForceDeleteAny:Expense\";s:1:\"c\";s:3:\"web\";s:1:\"r\";a:1:{i:0;i:1;}}i:45;a:4:{s:1:\"a\";i:46;s:1:\"b\";s:18:\"RestoreAny:Expense\";s:1:\"c\";s:3:\"web\";s:1:\"r\";a:1:{i:0;i:1;}}i:46;a:4:{s:1:\"a\";i:47;s:1:\"b\";s:17:\"Replicate:Expense\";s:1:\"c\";s:3:\"web\";s:1:\"r\";a:1:{i:0;i:1;}}i:47;a:4:{s:1:\"a\";i:48;s:1:\"b\";s:15:\"Reorder:Expense\";s:1:\"c\";s:3:\"web\";s:1:\"r\";a:1:{i:0;i:1;}}i:48;a:4:{s:1:\"a\";i:49;s:1:\"b\";s:15:\"ViewAny:Product\";s:1:\"c\";s:3:\"web\";s:1:\"r\";a:1:{i:0;i:1;}}i:49;a:4:{s:1:\"a\";i:50;s:1:\"b\";s:12:\"View:Product\";s:1:\"c\";s:3:\"web\";s:1:\"r\";a:1:{i:0;i:1;}}i:50;a:4:{s:1:\"a\";i:51;s:1:\"b\";s:14:\"Create:Product\";s:1:\"c\";s:3:\"web\";s:1:\"r\";a:1:{i:0;i:1;}}i:51;a:4:{s:1:\"a\";i:52;s:1:\"b\";s:14:\"Update:Product\";s:1:\"c\";s:3:\"web\";s:1:\"r\";a:1:{i:0;i:1;}}i:52;a:4:{s:1:\"a\";i:53;s:1:\"b\";s:14:\"Delete:Product\";s:1:\"c\";s:3:\"web\";s:1:\"r\";a:1:{i:0;i:1;}}i:53;a:4:{s:1:\"a\";i:54;s:1:\"b\";s:17:\"DeleteAny:Product\";s:1:\"c\";s:3:\"web\";s:1:\"r\";a:1:{i:0;i:1;}}i:54;a:4:{s:1:\"a\";i:55;s:1:\"b\";s:15:\"Restore:Product\";s:1:\"c\";s:3:\"web\";s:1:\"r\";a:1:{i:0;i:1;}}i:55;a:4:{s:1:\"a\";i:56;s:1:\"b\";s:19:\"ForceDelete:Product\";s:1:\"c\";s:3:\"web\";s:1:\"r\";a:1:{i:0;i:1;}}i:56;a:4:{s:1:\"a\";i:57;s:1:\"b\";s:22:\"ForceDeleteAny:Product\";s:1:\"c\";s:3:\"web\";s:1:\"r\";a:1:{i:0;i:1;}}i:57;a:4:{s:1:\"a\";i:58;s:1:\"b\";s:18:\"RestoreAny:Product\";s:1:\"c\";s:3:\"web\";s:1:\"r\";a:1:{i:0;i:1;}}i:58;a:4:{s:1:\"a\";i:59;s:1:\"b\";s:17:\"Replicate:Product\";s:1:\"c\";s:3:\"web\";s:1:\"r\";a:1:{i:0;i:1;}}i:59;a:4:{s:1:\"a\";i:60;s:1:\"b\";s:15:\"Reorder:Product\";s:1:\"c\";s:3:\"web\";s:1:\"r\";a:1:{i:0;i:1;}}i:60;a:4:{s:1:\"a\";i:61;s:1:\"b\";s:17:\"ViewAny:Proveedor\";s:1:\"c\";s:3:\"web\";s:1:\"r\";a:1:{i:0;i:1;}}i:61;a:4:{s:1:\"a\";i:62;s:1:\"b\";s:14:\"View:Proveedor\";s:1:\"c\";s:3:\"web\";s:1:\"r\";a:1:{i:0;i:1;}}i:62;a:4:{s:1:\"a\";i:63;s:1:\"b\";s:16:\"Create:Proveedor\";s:1:\"c\";s:3:\"web\";s:1:\"r\";a:1:{i:0;i:1;}}i:63;a:4:{s:1:\"a\";i:64;s:1:\"b\";s:16:\"Update:Proveedor\";s:1:\"c\";s:3:\"web\";s:1:\"r\";a:1:{i:0;i:1;}}i:64;a:4:{s:1:\"a\";i:65;s:1:\"b\";s:16:\"Delete:Proveedor\";s:1:\"c\";s:3:\"web\";s:1:\"r\";a:1:{i:0;i:1;}}i:65;a:4:{s:1:\"a\";i:66;s:1:\"b\";s:19:\"DeleteAny:Proveedor\";s:1:\"c\";s:3:\"web\";s:1:\"r\";a:1:{i:0;i:1;}}i:66;a:4:{s:1:\"a\";i:67;s:1:\"b\";s:17:\"Restore:Proveedor\";s:1:\"c\";s:3:\"web\";s:1:\"r\";a:1:{i:0;i:1;}}i:67;a:4:{s:1:\"a\";i:68;s:1:\"b\";s:21:\"ForceDelete:Proveedor\";s:1:\"c\";s:3:\"web\";s:1:\"r\";a:1:{i:0;i:1;}}i:68;a:4:{s:1:\"a\";i:69;s:1:\"b\";s:24:\"ForceDeleteAny:Proveedor\";s:1:\"c\";s:3:\"web\";s:1:\"r\";a:1:{i:0;i:1;}}i:69;a:4:{s:1:\"a\";i:70;s:1:\"b\";s:20:\"RestoreAny:Proveedor\";s:1:\"c\";s:3:\"web\";s:1:\"r\";a:1:{i:0;i:1;}}i:70;a:4:{s:1:\"a\";i:71;s:1:\"b\";s:19:\"Replicate:Proveedor\";s:1:\"c\";s:3:\"web\";s:1:\"r\";a:1:{i:0;i:1;}}i:71;a:4:{s:1:\"a\";i:72;s:1:\"b\";s:17:\"Reorder:Proveedor\";s:1:\"c\";s:3:\"web\";s:1:\"r\";a:1:{i:0;i:1;}}i:72;a:4:{s:1:\"a\";i:73;s:1:\"b\";s:12:\"ViewAny:User\";s:1:\"c\";s:3:\"web\";s:1:\"r\";a:1:{i:0;i:1;}}i:73;a:4:{s:1:\"a\";i:74;s:1:\"b\";s:9:\"View:User\";s:1:\"c\";s:3:\"web\";s:1:\"r\";a:1:{i:0;i:1;}}i:74;a:4:{s:1:\"a\";i:75;s:1:\"b\";s:11:\"Create:User\";s:1:\"c\";s:3:\"web\";s:1:\"r\";a:1:{i:0;i:1;}}i:75;a:4:{s:1:\"a\";i:76;s:1:\"b\";s:11:\"Update:User\";s:1:\"c\";s:3:\"web\";s:1:\"r\";a:1:{i:0;i:1;}}i:76;a:4:{s:1:\"a\";i:77;s:1:\"b\";s:11:\"Delete:User\";s:1:\"c\";s:3:\"web\";s:1:\"r\";a:1:{i:0;i:1;}}i:77;a:4:{s:1:\"a\";i:78;s:1:\"b\";s:14:\"DeleteAny:User\";s:1:\"c\";s:3:\"web\";s:1:\"r\";a:1:{i:0;i:1;}}i:78;a:4:{s:1:\"a\";i:79;s:1:\"b\";s:12:\"Restore:User\";s:1:\"c\";s:3:\"web\";s:1:\"r\";a:1:{i:0;i:1;}}i:79;a:4:{s:1:\"a\";i:80;s:1:\"b\";s:16:\"ForceDelete:User\";s:1:\"c\";s:3:\"web\";s:1:\"r\";a:1:{i:0;i:1;}}i:80;a:4:{s:1:\"a\";i:81;s:1:\"b\";s:19:\"ForceDeleteAny:User\";s:1:\"c\";s:3:\"web\";s:1:\"r\";a:1:{i:0;i:1;}}i:81;a:4:{s:1:\"a\";i:82;s:1:\"b\";s:15:\"RestoreAny:User\";s:1:\"c\";s:3:\"web\";s:1:\"r\";a:1:{i:0;i:1;}}i:82;a:4:{s:1:\"a\";i:83;s:1:\"b\";s:14:\"Replicate:User\";s:1:\"c\";s:3:\"web\";s:1:\"r\";a:1:{i:0;i:1;}}i:83;a:4:{s:1:\"a\";i:84;s:1:\"b\";s:12:\"Reorder:User\";s:1:\"c\";s:3:\"web\";s:1:\"r\";a:1:{i:0;i:1;}}i:84;a:4:{s:1:\"a\";i:85;s:1:\"b\";s:12:\"ViewAny:Role\";s:1:\"c\";s:3:\"web\";s:1:\"r\";a:1:{i:0;i:1;}}i:85;a:4:{s:1:\"a\";i:86;s:1:\"b\";s:9:\"View:Role\";s:1:\"c\";s:3:\"web\";s:1:\"r\";a:1:{i:0;i:1;}}i:86;a:4:{s:1:\"a\";i:87;s:1:\"b\";s:11:\"Create:Role\";s:1:\"c\";s:3:\"web\";s:1:\"r\";a:1:{i:0;i:1;}}i:87;a:4:{s:1:\"a\";i:88;s:1:\"b\";s:11:\"Update:Role\";s:1:\"c\";s:3:\"web\";s:1:\"r\";a:1:{i:0;i:1;}}i:88;a:4:{s:1:\"a\";i:89;s:1:\"b\";s:11:\"Delete:Role\";s:1:\"c\";s:3:\"web\";s:1:\"r\";a:1:{i:0;i:1;}}i:89;a:4:{s:1:\"a\";i:90;s:1:\"b\";s:14:\"DeleteAny:Role\";s:1:\"c\";s:3:\"web\";s:1:\"r\";a:1:{i:0;i:1;}}i:90;a:4:{s:1:\"a\";i:91;s:1:\"b\";s:12:\"Restore:Role\";s:1:\"c\";s:3:\"web\";s:1:\"r\";a:1:{i:0;i:1;}}i:91;a:4:{s:1:\"a\";i:92;s:1:\"b\";s:16:\"ForceDelete:Role\";s:1:\"c\";s:3:\"web\";s:1:\"r\";a:1:{i:0;i:1;}}i:92;a:4:{s:1:\"a\";i:93;s:1:\"b\";s:19:\"ForceDeleteAny:Role\";s:1:\"c\";s:3:\"web\";s:1:\"r\";a:1:{i:0;i:1;}}i:93;a:4:{s:1:\"a\";i:94;s:1:\"b\";s:15:\"RestoreAny:Role\";s:1:\"c\";s:3:\"web\";s:1:\"r\";a:1:{i:0;i:1;}}i:94;a:4:{s:1:\"a\";i:95;s:1:\"b\";s:14:\"Replicate:Role\";s:1:\"c\";s:3:\"web\";s:1:\"r\";a:1:{i:0;i:1;}}i:95;a:4:{s:1:\"a\";i:96;s:1:\"b\";s:12:\"Reorder:Role\";s:1:\"c\";s:3:\"web\";s:1:\"r\";a:1:{i:0;i:1;}}i:96;a:4:{s:1:\"a\";i:97;s:1:\"b\";s:13:\"ViewAny:Venta\";s:1:\"c\";s:3:\"web\";s:1:\"r\";a:1:{i:0;i:1;}}i:97;a:4:{s:1:\"a\";i:98;s:1:\"b\";s:10:\"View:Venta\";s:1:\"c\";s:3:\"web\";s:1:\"r\";a:1:{i:0;i:1;}}i:98;a:4:{s:1:\"a\";i:99;s:1:\"b\";s:12:\"Create:Venta\";s:1:\"c\";s:3:\"web\";s:1:\"r\";a:1:{i:0;i:1;}}i:99;a:4:{s:1:\"a\";i:100;s:1:\"b\";s:12:\"Update:Venta\";s:1:\"c\";s:3:\"web\";s:1:\"r\";a:1:{i:0;i:1;}}i:100;a:4:{s:1:\"a\";i:101;s:1:\"b\";s:17:\"ForceDelete:Venta\";s:1:\"c\";s:3:\"web\";s:1:\"r\";a:1:{i:0;i:1;}}i:101;a:4:{s:1:\"a\";i:102;s:1:\"b\";s:13:\"Reorder:Venta\";s:1:\"c\";s:3:\"web\";s:1:\"r\";a:1:{i:0;i:1;}}i:102;a:4:{s:1:\"a\";i:103;s:1:\"b\";s:13:\"Restore:Venta\";s:1:\"c\";s:3:\"web\";s:1:\"r\";a:1:{i:0;i:1;}}i:103;a:4:{s:1:\"a\";i:104;s:1:\"b\";s:15:\"Replicate:Venta\";s:1:\"c\";s:3:\"web\";s:1:\"r\";a:1:{i:0;i:1;}}i:104;a:4:{s:1:\"a\";i:105;s:1:\"b\";s:15:\"DeleteAny:Venta\";s:1:\"c\";s:3:\"web\";s:1:\"r\";a:1:{i:0;i:1;}}i:105;a:4:{s:1:\"a\";i:106;s:1:\"b\";s:16:\"RestoreAny:Venta\";s:1:\"c\";s:3:\"web\";s:1:\"r\";a:1:{i:0;i:1;}}i:106;a:4:{s:1:\"a\";i:107;s:1:\"b\";s:20:\"ForceDeleteAny:Venta\";s:1:\"c\";s:3:\"web\";s:1:\"r\";a:1:{i:0;i:1;}}i:107;a:4:{s:1:\"a\";i:108;s:1:\"b\";s:12:\"Delete:Venta\";s:1:\"c\";s:3:\"web\";s:1:\"r\";a:1:{i:0;i:1;}}}s:5:\"roles\";a:1:{i:0;a:3:{s:1:\"a\";i:1;s:1:\"b\";s:11:\"super_admin\";s:1:\"c\";s:3:\"web\";}}}', 1779160716);

-- --------------------------------------------------------

--
-- Estructura de tabla para la tabla `cache_locks`
--

CREATE TABLE `cache_locks` (
  `key` varchar(255) COLLATE utf8mb4_unicode_ci NOT NULL,
  `owner` varchar(255) COLLATE utf8mb4_unicode_ci NOT NULL,
  `expiration` int NOT NULL
) ENGINE=InnoDB DEFAULT CHARSET=utf8mb4 COLLATE=utf8mb4_unicode_ci;

-- --------------------------------------------------------

--
-- Estructura de tabla para la tabla `clientes`
--

CREATE TABLE `clientes` (
  `id` bigint UNSIGNED NOT NULL,
  `nombre` varchar(255) COLLATE utf8mb4_unicode_ci NOT NULL,
  `apellido` varchar(255) COLLATE utf8mb4_unicode_ci NOT NULL,
  `cedula` varchar(255) COLLATE utf8mb4_unicode_ci NOT NULL,
  `telefono` varchar(255) COLLATE utf8mb4_unicode_ci NOT NULL,
  `correo` varchar(255) COLLATE utf8mb4_unicode_ci NOT NULL,
  `direccion` text COLLATE utf8mb4_unicode_ci NOT NULL,
  `genero` enum('Hombre','Mujer') COLLATE utf8mb4_unicode_ci NOT NULL DEFAULT 'Hombre',
  `created_at` timestamp NULL DEFAULT NULL,
  `updated_at` timestamp NULL DEFAULT NULL
) ENGINE=InnoDB DEFAULT CHARSET=utf8mb4 COLLATE=utf8mb4_unicode_ci;

--
-- Volcado de datos para la tabla `clientes`
--

INSERT INTO `clientes` (`id`, `nombre`, `apellido`, `cedula`, `telefono`, `correo`, `direccion`, `genero`, `created_at`, `updated_at`) VALUES
(1, 'jose', 'torres', '27255320', '04143869692', 'torres@gmail.com', 'coquitos', 'Hombre', '2026-05-18 07:05:49', '2026-05-18 07:05:49');

-- --------------------------------------------------------

--
-- Estructura de tabla para la tabla `compras`
--

CREATE TABLE `compras` (
  `id` bigint UNSIGNED NOT NULL,
  `proveedor_id` bigint UNSIGNED NOT NULL,
  `fecha_compra` date NOT NULL,
  `total_compra` decimal(12,2) NOT NULL DEFAULT '0.00',
  `created_at` timestamp NULL DEFAULT NULL,
  `updated_at` timestamp NULL DEFAULT NULL
) ENGINE=InnoDB DEFAULT CHARSET=utf8mb4 COLLATE=utf8mb4_unicode_ci;

--
-- Volcado de datos para la tabla `compras`
--

INSERT INTO `compras` (`id`, `proveedor_id`, `fecha_compra`, `total_compra`, `created_at`, `updated_at`) VALUES
(1, 1, '2026-05-18', 120.00, '2026-05-18 05:45:56', '2026-05-18 05:45:56'),
(2, 1, '2026-05-18', 150.00, '2026-05-18 08:01:18', '2026-05-18 08:01:18');

-- --------------------------------------------------------

--
-- Estructura de tabla para la tabla `detalle_compras`
--

CREATE TABLE `detalle_compras` (
  `id` bigint UNSIGNED NOT NULL,
  `compra_id` bigint UNSIGNED NOT NULL,
  `nombre_perfume` varchar(255) COLLATE utf8mb4_unicode_ci NOT NULL,
  `marca_perfume` varchar(255) COLLATE utf8mb4_unicode_ci NOT NULL,
  `mililitros` varchar(255) COLLATE utf8mb4_unicode_ci NOT NULL,
  `cantidad` int NOT NULL,
  `costo_unitario` decimal(10,2) NOT NULL,
  `subtotal` decimal(10,2) NOT NULL DEFAULT '0.00',
  `created_at` timestamp NULL DEFAULT NULL,
  `updated_at` timestamp NULL DEFAULT NULL
) ENGINE=InnoDB DEFAULT CHARSET=utf8mb4 COLLATE=utf8mb4_unicode_ci;

--
-- Volcado de datos para la tabla `detalle_compras`
--

INSERT INTO `detalle_compras` (`id`, `compra_id`, `nombre_perfume`, `marca_perfume`, `mililitros`, `cantidad`, `costo_unitario`, `subtotal`, `created_at`, `updated_at`) VALUES
(1, 1, 'Elixir', '9PM', '100', 3, 40.00, 120.00, '2026-05-18 05:45:56', '2026-05-18 05:45:56'),
(2, 2, 'Rebel', '9PM', '100', 3, 50.00, 150.00, '2026-05-18 08:01:18', '2026-05-18 08:01:18');

-- --------------------------------------------------------

--
-- Estructura de tabla para la tabla `detalle_ventas`
--

CREATE TABLE `detalle_ventas` (
  `id` bigint UNSIGNED NOT NULL,
  `venta_id` bigint UNSIGNED NOT NULL,
  `product_id` bigint UNSIGNED NOT NULL,
  `cantidad` int NOT NULL,
  `precio_unitario` decimal(10,2) NOT NULL,
  `subtotal` decimal(10,2) NOT NULL,
  `created_at` timestamp NULL DEFAULT NULL,
  `updated_at` timestamp NULL DEFAULT NULL
) ENGINE=InnoDB DEFAULT CHARSET=utf8mb4 COLLATE=utf8mb4_unicode_ci;

--
-- Volcado de datos para la tabla `detalle_ventas`
--

INSERT INTO `detalle_ventas` (`id`, `venta_id`, `product_id`, `cantidad`, `precio_unitario`, `subtotal`, `created_at`, `updated_at`) VALUES
(2, 2, 1, 1, 65.00, 65.00, '2026-05-18 07:43:43', '2026-05-18 07:43:43');

-- --------------------------------------------------------

--
-- Estructura de tabla para la tabla `expenses`
--

CREATE TABLE `expenses` (
  `id` bigint UNSIGNED NOT NULL,
  `description` varchar(255) COLLATE utf8mb4_unicode_ci NOT NULL,
  `amount` decimal(10,2) NOT NULL,
  `expense_date` date NOT NULL,
  `category` varchar(255) COLLATE utf8mb4_unicode_ci NOT NULL DEFAULT 'Mercancía',
  `created_at` timestamp NULL DEFAULT NULL,
  `updated_at` timestamp NULL DEFAULT NULL
) ENGINE=InnoDB DEFAULT CHARSET=utf8mb4 COLLATE=utf8mb4_unicode_ci;

-- --------------------------------------------------------

--
-- Estructura de tabla para la tabla `failed_jobs`
--

CREATE TABLE `failed_jobs` (
  `id` bigint UNSIGNED NOT NULL,
  `uuid` varchar(255) COLLATE utf8mb4_unicode_ci NOT NULL,
  `connection` text COLLATE utf8mb4_unicode_ci NOT NULL,
  `queue` text COLLATE utf8mb4_unicode_ci NOT NULL,
  `payload` longtext COLLATE utf8mb4_unicode_ci NOT NULL,
  `exception` longtext COLLATE utf8mb4_unicode_ci NOT NULL,
  `failed_at` timestamp NOT NULL DEFAULT CURRENT_TIMESTAMP
) ENGINE=InnoDB DEFAULT CHARSET=utf8mb4 COLLATE=utf8mb4_unicode_ci;

-- --------------------------------------------------------

--
-- Estructura de tabla para la tabla `jobs`
--

CREATE TABLE `jobs` (
  `id` bigint UNSIGNED NOT NULL,
  `queue` varchar(255) COLLATE utf8mb4_unicode_ci NOT NULL,
  `payload` longtext COLLATE utf8mb4_unicode_ci NOT NULL,
  `attempts` tinyint UNSIGNED NOT NULL,
  `reserved_at` int UNSIGNED DEFAULT NULL,
  `available_at` int UNSIGNED NOT NULL,
  `created_at` int UNSIGNED NOT NULL
) ENGINE=InnoDB DEFAULT CHARSET=utf8mb4 COLLATE=utf8mb4_unicode_ci;

-- --------------------------------------------------------

--
-- Estructura de tabla para la tabla `job_batches`
--

CREATE TABLE `job_batches` (
  `id` varchar(255) COLLATE utf8mb4_unicode_ci NOT NULL,
  `name` varchar(255) COLLATE utf8mb4_unicode_ci NOT NULL,
  `total_jobs` int NOT NULL,
  `pending_jobs` int NOT NULL,
  `failed_jobs` int NOT NULL,
  `failed_job_ids` longtext COLLATE utf8mb4_unicode_ci NOT NULL,
  `options` mediumtext COLLATE utf8mb4_unicode_ci,
  `cancelled_at` int DEFAULT NULL,
  `created_at` int NOT NULL,
  `finished_at` int DEFAULT NULL
) ENGINE=InnoDB DEFAULT CHARSET=utf8mb4 COLLATE=utf8mb4_unicode_ci;

-- --------------------------------------------------------

--
-- Estructura de tabla para la tabla `migrations`
--

CREATE TABLE `migrations` (
  `id` int UNSIGNED NOT NULL,
  `migration` varchar(255) COLLATE utf8mb4_unicode_ci NOT NULL,
  `batch` int NOT NULL
) ENGINE=InnoDB DEFAULT CHARSET=utf8mb4 COLLATE=utf8mb4_unicode_ci;

--
-- Volcado de datos para la tabla `migrations`
--

INSERT INTO `migrations` (`id`, `migration`, `batch`) VALUES
(1, '0001_01_01_000000_create_users_table', 1),
(2, '0001_01_01_000001_create_cache_table', 1),
(3, '0001_01_01_000002_create_jobs_table', 1),
(4, '2026_05_08_000002_create_proveedors_table', 1),
(5, '2026_05_09_022108_create_products_table', 1),
(6, '2026_05_09_030610_create_expenses_table', 1),
(7, '2026_05_10_004129_add_flags_to_products_table', 1),
(8, '2026_05_11_193233_create_clientes_table', 1),
(9, '2026_05_12_173850_create_permission_tables', 1),
(10, '2026_05_17_235527_create_compras_table', 1),
(11, '2026_05_17_235550_create_detalle_compras_table', 1),
(12, '2026_05_18_031112_create_ventas_table', 2),
(13, '2026_05_18_031120_create_detalle_ventas_table', 2);

-- --------------------------------------------------------

--
-- Estructura de tabla para la tabla `model_has_permissions`
--

CREATE TABLE `model_has_permissions` (
  `permission_id` bigint UNSIGNED NOT NULL,
  `model_type` varchar(255) COLLATE utf8mb4_unicode_ci NOT NULL,
  `model_id` bigint UNSIGNED NOT NULL
) ENGINE=InnoDB DEFAULT CHARSET=utf8mb4 COLLATE=utf8mb4_unicode_ci;

-- --------------------------------------------------------

--
-- Estructura de tabla para la tabla `model_has_roles`
--

CREATE TABLE `model_has_roles` (
  `role_id` bigint UNSIGNED NOT NULL,
  `model_type` varchar(255) COLLATE utf8mb4_unicode_ci NOT NULL,
  `model_id` bigint UNSIGNED NOT NULL
) ENGINE=InnoDB DEFAULT CHARSET=utf8mb4 COLLATE=utf8mb4_unicode_ci;

--
-- Volcado de datos para la tabla `model_has_roles`
--

INSERT INTO `model_has_roles` (`role_id`, `model_type`, `model_id`) VALUES
(1, 'App\\Models\\User', 1);

-- --------------------------------------------------------

--
-- Estructura de tabla para la tabla `password_reset_tokens`
--

CREATE TABLE `password_reset_tokens` (
  `email` varchar(255) COLLATE utf8mb4_unicode_ci NOT NULL,
  `token` varchar(255) COLLATE utf8mb4_unicode_ci NOT NULL,
  `created_at` timestamp NULL DEFAULT NULL
) ENGINE=InnoDB DEFAULT CHARSET=utf8mb4 COLLATE=utf8mb4_unicode_ci;

-- --------------------------------------------------------

--
-- Estructura de tabla para la tabla `permissions`
--

CREATE TABLE `permissions` (
  `id` bigint UNSIGNED NOT NULL,
  `name` varchar(255) COLLATE utf8mb4_unicode_ci NOT NULL,
  `guard_name` varchar(255) COLLATE utf8mb4_unicode_ci NOT NULL,
  `created_at` timestamp NULL DEFAULT NULL,
  `updated_at` timestamp NULL DEFAULT NULL
) ENGINE=InnoDB DEFAULT CHARSET=utf8mb4 COLLATE=utf8mb4_unicode_ci;

--
-- Volcado de datos para la tabla `permissions`
--

INSERT INTO `permissions` (`id`, `name`, `guard_name`, `created_at`, `updated_at`) VALUES
(1, 'ViewAny:Cliente', 'web', '2026-05-18 05:43:31', '2026-05-18 05:43:31'),
(2, 'View:Cliente', 'web', '2026-05-18 05:43:31', '2026-05-18 05:43:31'),
(3, 'Create:Cliente', 'web', '2026-05-18 05:43:31', '2026-05-18 05:43:31'),
(4, 'Update:Cliente', 'web', '2026-05-18 05:43:31', '2026-05-18 05:43:31'),
(5, 'Delete:Cliente', 'web', '2026-05-18 05:43:31', '2026-05-18 05:43:31'),
(6, 'DeleteAny:Cliente', 'web', '2026-05-18 05:43:31', '2026-05-18 05:43:31'),
(7, 'Restore:Cliente', 'web', '2026-05-18 05:43:31', '2026-05-18 05:43:31'),
(8, 'ForceDelete:Cliente', 'web', '2026-05-18 05:43:31', '2026-05-18 05:43:31'),
(9, 'ForceDeleteAny:Cliente', 'web', '2026-05-18 05:43:31', '2026-05-18 05:43:31'),
(10, 'RestoreAny:Cliente', 'web', '2026-05-18 05:43:31', '2026-05-18 05:43:31'),
(11, 'Replicate:Cliente', 'web', '2026-05-18 05:43:31', '2026-05-18 05:43:31'),
(12, 'Reorder:Cliente', 'web', '2026-05-18 05:43:31', '2026-05-18 05:43:31'),
(13, 'ViewAny:Compra', 'web', '2026-05-18 05:43:31', '2026-05-18 05:43:31'),
(14, 'View:Compra', 'web', '2026-05-18 05:43:31', '2026-05-18 05:43:31'),
(15, 'Create:Compra', 'web', '2026-05-18 05:43:31', '2026-05-18 05:43:31'),
(16, 'Update:Compra', 'web', '2026-05-18 05:43:31', '2026-05-18 05:43:31'),
(17, 'Delete:Compra', 'web', '2026-05-18 05:43:31', '2026-05-18 05:43:31'),
(18, 'DeleteAny:Compra', 'web', '2026-05-18 05:43:31', '2026-05-18 05:43:31'),
(19, 'Restore:Compra', 'web', '2026-05-18 05:43:31', '2026-05-18 05:43:31'),
(20, 'ForceDelete:Compra', 'web', '2026-05-18 05:43:31', '2026-05-18 05:43:31'),
(21, 'ForceDeleteAny:Compra', 'web', '2026-05-18 05:43:31', '2026-05-18 05:43:31'),
(22, 'RestoreAny:Compra', 'web', '2026-05-18 05:43:31', '2026-05-18 05:43:31'),
(23, 'Replicate:Compra', 'web', '2026-05-18 05:43:31', '2026-05-18 05:43:31'),
(24, 'Reorder:Compra', 'web', '2026-05-18 05:43:31', '2026-05-18 05:43:31'),
(25, 'ViewAny:DetalleCompra', 'web', '2026-05-18 05:43:31', '2026-05-18 05:43:31'),
(26, 'View:DetalleCompra', 'web', '2026-05-18 05:43:31', '2026-05-18 05:43:31'),
(27, 'Create:DetalleCompra', 'web', '2026-05-18 05:43:31', '2026-05-18 05:43:31'),
(28, 'Update:DetalleCompra', 'web', '2026-05-18 05:43:31', '2026-05-18 05:43:31'),
(29, 'Delete:DetalleCompra', 'web', '2026-05-18 05:43:31', '2026-05-18 05:43:31'),
(30, 'DeleteAny:DetalleCompra', 'web', '2026-05-18 05:43:31', '2026-05-18 05:43:31'),
(31, 'Restore:DetalleCompra', 'web', '2026-05-18 05:43:31', '2026-05-18 05:43:31'),
(32, 'ForceDelete:DetalleCompra', 'web', '2026-05-18 05:43:31', '2026-05-18 05:43:31'),
(33, 'ForceDeleteAny:DetalleCompra', 'web', '2026-05-18 05:43:31', '2026-05-18 05:43:31'),
(34, 'RestoreAny:DetalleCompra', 'web', '2026-05-18 05:43:31', '2026-05-18 05:43:31'),
(35, 'Replicate:DetalleCompra', 'web', '2026-05-18 05:43:31', '2026-05-18 05:43:31'),
(36, 'Reorder:DetalleCompra', 'web', '2026-05-18 05:43:31', '2026-05-18 05:43:31'),
(37, 'ViewAny:Expense', 'web', '2026-05-18 05:43:31', '2026-05-18 05:43:31'),
(38, 'View:Expense', 'web', '2026-05-18 05:43:31', '2026-05-18 05:43:31'),
(39, 'Create:Expense', 'web', '2026-05-18 05:43:31', '2026-05-18 05:43:31'),
(40, 'Update:Expense', 'web', '2026-05-18 05:43:31', '2026-05-18 05:43:31'),
(41, 'Delete:Expense', 'web', '2026-05-18 05:43:31', '2026-05-18 05:43:31'),
(42, 'DeleteAny:Expense', 'web', '2026-05-18 05:43:31', '2026-05-18 05:43:31'),
(43, 'Restore:Expense', 'web', '2026-05-18 05:43:31', '2026-05-18 05:43:31'),
(44, 'ForceDelete:Expense', 'web', '2026-05-18 05:43:31', '2026-05-18 05:43:31'),
(45, 'ForceDeleteAny:Expense', 'web', '2026-05-18 05:43:31', '2026-05-18 05:43:31'),
(46, 'RestoreAny:Expense', 'web', '2026-05-18 05:43:31', '2026-05-18 05:43:31'),
(47, 'Replicate:Expense', 'web', '2026-05-18 05:43:31', '2026-05-18 05:43:31'),
(48, 'Reorder:Expense', 'web', '2026-05-18 05:43:31', '2026-05-18 05:43:31'),
(49, 'ViewAny:Product', 'web', '2026-05-18 05:43:31', '2026-05-18 05:43:31'),
(50, 'View:Product', 'web', '2026-05-18 05:43:31', '2026-05-18 05:43:31'),
(51, 'Create:Product', 'web', '2026-05-18 05:43:31', '2026-05-18 05:43:31'),
(52, 'Update:Product', 'web', '2026-05-18 05:43:31', '2026-05-18 05:43:31'),
(53, 'Delete:Product', 'web', '2026-05-18 05:43:31', '2026-05-18 05:43:31'),
(54, 'DeleteAny:Product', 'web', '2026-05-18 05:43:31', '2026-05-18 05:43:31'),
(55, 'Restore:Product', 'web', '2026-05-18 05:43:32', '2026-05-18 05:43:32'),
(56, 'ForceDelete:Product', 'web', '2026-05-18 05:43:32', '2026-05-18 05:43:32'),
(57, 'ForceDeleteAny:Product', 'web', '2026-05-18 05:43:32', '2026-05-18 05:43:32'),
(58, 'RestoreAny:Product', 'web', '2026-05-18 05:43:32', '2026-05-18 05:43:32'),
(59, 'Replicate:Product', 'web', '2026-05-18 05:43:32', '2026-05-18 05:43:32'),
(60, 'Reorder:Product', 'web', '2026-05-18 05:43:32', '2026-05-18 05:43:32'),
(61, 'ViewAny:Proveedor', 'web', '2026-05-18 05:43:32', '2026-05-18 05:43:32'),
(62, 'View:Proveedor', 'web', '2026-05-18 05:43:32', '2026-05-18 05:43:32'),
(63, 'Create:Proveedor', 'web', '2026-05-18 05:43:32', '2026-05-18 05:43:32'),
(64, 'Update:Proveedor', 'web', '2026-05-18 05:43:32', '2026-05-18 05:43:32'),
(65, 'Delete:Proveedor', 'web', '2026-05-18 05:43:32', '2026-05-18 05:43:32'),
(66, 'DeleteAny:Proveedor', 'web', '2026-05-18 05:43:32', '2026-05-18 05:43:32'),
(67, 'Restore:Proveedor', 'web', '2026-05-18 05:43:32', '2026-05-18 05:43:32'),
(68, 'ForceDelete:Proveedor', 'web', '2026-05-18 05:43:32', '2026-05-18 05:43:32'),
(69, 'ForceDeleteAny:Proveedor', 'web', '2026-05-18 05:43:32', '2026-05-18 05:43:32'),
(70, 'RestoreAny:Proveedor', 'web', '2026-05-18 05:43:32', '2026-05-18 05:43:32'),
(71, 'Replicate:Proveedor', 'web', '2026-05-18 05:43:32', '2026-05-18 05:43:32'),
(72, 'Reorder:Proveedor', 'web', '2026-05-18 05:43:32', '2026-05-18 05:43:32'),
(73, 'ViewAny:User', 'web', '2026-05-18 05:43:32', '2026-05-18 05:43:32'),
(74, 'View:User', 'web', '2026-05-18 05:43:32', '2026-05-18 05:43:32'),
(75, 'Create:User', 'web', '2026-05-18 05:43:32', '2026-05-18 05:43:32'),
(76, 'Update:User', 'web', '2026-05-18 05:43:32', '2026-05-18 05:43:32'),
(77, 'Delete:User', 'web', '2026-05-18 05:43:32', '2026-05-18 05:43:32'),
(78, 'DeleteAny:User', 'web', '2026-05-18 05:43:32', '2026-05-18 05:43:32'),
(79, 'Restore:User', 'web', '2026-05-18 05:43:32', '2026-05-18 05:43:32'),
(80, 'ForceDelete:User', 'web', '2026-05-18 05:43:32', '2026-05-18 05:43:32'),
(81, 'ForceDeleteAny:User', 'web', '2026-05-18 05:43:32', '2026-05-18 05:43:32'),
(82, 'RestoreAny:User', 'web', '2026-05-18 05:43:32', '2026-05-18 05:43:32'),
(83, 'Replicate:User', 'web', '2026-05-18 05:43:32', '2026-05-18 05:43:32'),
(84, 'Reorder:User', 'web', '2026-05-18 05:43:32', '2026-05-18 05:43:32'),
(85, 'ViewAny:Role', 'web', '2026-05-18 05:43:32', '2026-05-18 05:43:32'),
(86, 'View:Role', 'web', '2026-05-18 05:43:32', '2026-05-18 05:43:32'),
(87, 'Create:Role', 'web', '2026-05-18 05:43:32', '2026-05-18 05:43:32'),
(88, 'Update:Role', 'web', '2026-05-18 05:43:32', '2026-05-18 05:43:32'),
(89, 'Delete:Role', 'web', '2026-05-18 05:43:32', '2026-05-18 05:43:32'),
(90, 'DeleteAny:Role', 'web', '2026-05-18 05:43:32', '2026-05-18 05:43:32'),
(91, 'Restore:Role', 'web', '2026-05-18 05:43:32', '2026-05-18 05:43:32'),
(92, 'ForceDelete:Role', 'web', '2026-05-18 05:43:32', '2026-05-18 05:43:32'),
(93, 'ForceDeleteAny:Role', 'web', '2026-05-18 05:43:32', '2026-05-18 05:43:32'),
(94, 'RestoreAny:Role', 'web', '2026-05-18 05:43:32', '2026-05-18 05:43:32'),
(95, 'Replicate:Role', 'web', '2026-05-18 05:43:32', '2026-05-18 05:43:32'),
(96, 'Reorder:Role', 'web', '2026-05-18 05:43:32', '2026-05-18 05:43:32'),
(97, 'ViewAny:Venta', 'web', '2026-05-18 07:18:36', '2026-05-18 07:18:36'),
(98, 'View:Venta', 'web', '2026-05-18 07:18:36', '2026-05-18 07:18:36'),
(99, 'Create:Venta', 'web', '2026-05-18 07:18:36', '2026-05-18 07:18:36'),
(100, 'Update:Venta', 'web', '2026-05-18 07:18:36', '2026-05-18 07:18:36'),
(101, 'ForceDelete:Venta', 'web', '2026-05-18 07:18:36', '2026-05-18 07:18:36'),
(102, 'Reorder:Venta', 'web', '2026-05-18 07:18:36', '2026-05-18 07:18:36'),
(103, 'Restore:Venta', 'web', '2026-05-18 07:18:36', '2026-05-18 07:18:36'),
(104, 'Replicate:Venta', 'web', '2026-05-18 07:18:36', '2026-05-18 07:18:36'),
(105, 'DeleteAny:Venta', 'web', '2026-05-18 07:18:36', '2026-05-18 07:18:36'),
(106, 'RestoreAny:Venta', 'web', '2026-05-18 07:18:36', '2026-05-18 07:18:36'),
(107, 'ForceDeleteAny:Venta', 'web', '2026-05-18 07:18:36', '2026-05-18 07:18:36'),
(108, 'Delete:Venta', 'web', '2026-05-18 07:18:36', '2026-05-18 07:18:36');

-- --------------------------------------------------------

--
-- Estructura de tabla para la tabla `products`
--

CREATE TABLE `products` (
  `id` bigint UNSIGNED NOT NULL,
  `name` varchar(255) COLLATE utf8mb4_unicode_ci NOT NULL,
  `marca_perfume` varchar(255) COLLATE utf8mb4_unicode_ci DEFAULT NULL,
  `stock` int NOT NULL DEFAULT '0',
  `wholesale_price` decimal(10,2) DEFAULT NULL,
  `retail_price` decimal(10,2) NOT NULL,
  `is_exclusive` tinyint(1) NOT NULL DEFAULT '0',
  `is_offer` tinyint(1) NOT NULL DEFAULT '0',
  `offer_price` decimal(10,2) DEFAULT NULL,
  `description` text COLLATE utf8mb4_unicode_ci,
  `image` varchar(255) COLLATE utf8mb4_unicode_ci DEFAULT NULL,
  `created_at` timestamp NULL DEFAULT NULL,
  `updated_at` timestamp NULL DEFAULT NULL
) ENGINE=InnoDB DEFAULT CHARSET=utf8mb4 COLLATE=utf8mb4_unicode_ci;

--
-- Volcado de datos para la tabla `products`
--

INSERT INTO `products` (`id`, `name`, `marca_perfume`, `stock`, `wholesale_price`, `retail_price`, `is_exclusive`, `is_offer`, `offer_price`, `description`, `image`, `created_at`, `updated_at`) VALUES
(1, 'Elixir', '9PM', 2, 40.00, 65.00, 0, 0, NULL, 'djjdjjd', 'products/01KRWC6PG059RSF53ACQEPPGC1.jpg', '2026-05-18 05:46:27', '2026-05-18 07:43:43'),
(2, 'Rebel', '9PM', 3, 50.00, 80.00, 0, 0, NULL, 'para machos ', 'products/01KRWM1PXR25AHK5EKFJ1Y6WXP.jpeg', '2026-05-18 08:03:32', '2026-05-18 08:03:32');

-- --------------------------------------------------------

--
-- Estructura de tabla para la tabla `proveedores`
--

CREATE TABLE `proveedores` (
  `id` bigint UNSIGNED NOT NULL,
  `nombre` varchar(255) COLLATE utf8mb4_unicode_ci NOT NULL,
  `rif` varchar(255) COLLATE utf8mb4_unicode_ci DEFAULT NULL,
  `contacto` varchar(255) COLLATE utf8mb4_unicode_ci DEFAULT NULL,
  `direccion` varchar(255) COLLATE utf8mb4_unicode_ci DEFAULT NULL,
  `created_at` timestamp NULL DEFAULT NULL,
  `updated_at` timestamp NULL DEFAULT NULL
) ENGINE=InnoDB DEFAULT CHARSET=utf8mb4 COLLATE=utf8mb4_unicode_ci;

--
-- Volcado de datos para la tabla `proveedores`
--

INSERT INTO `proveedores` (`id`, `nombre`, `rif`, `contacto`, `direccion`, `created_at`, `updated_at`) VALUES
(1, 'arabes', 'j22220', '0404040', 'sgsgsg', '2026-05-18 05:44:57', '2026-05-18 05:44:57');

-- --------------------------------------------------------

--
-- Estructura de tabla para la tabla `roles`
--

CREATE TABLE `roles` (
  `id` bigint UNSIGNED NOT NULL,
  `name` varchar(255) COLLATE utf8mb4_unicode_ci NOT NULL,
  `guard_name` varchar(255) COLLATE utf8mb4_unicode_ci NOT NULL,
  `created_at` timestamp NULL DEFAULT NULL,
  `updated_at` timestamp NULL DEFAULT NULL
) ENGINE=InnoDB DEFAULT CHARSET=utf8mb4 COLLATE=utf8mb4_unicode_ci;

--
-- Volcado de datos para la tabla `roles`
--

INSERT INTO `roles` (`id`, `name`, `guard_name`, `created_at`, `updated_at`) VALUES
(1, 'super_admin', 'web', '2026-05-18 05:43:31', '2026-05-18 05:43:31');

-- --------------------------------------------------------

--
-- Estructura de tabla para la tabla `role_has_permissions`
--

CREATE TABLE `role_has_permissions` (
  `permission_id` bigint UNSIGNED NOT NULL,
  `role_id` bigint UNSIGNED NOT NULL
) ENGINE=InnoDB DEFAULT CHARSET=utf8mb4 COLLATE=utf8mb4_unicode_ci;

--
-- Volcado de datos para la tabla `role_has_permissions`
--

INSERT INTO `role_has_permissions` (`permission_id`, `role_id`) VALUES
(1, 1),
(2, 1),
(3, 1),
(4, 1),
(5, 1),
(6, 1),
(7, 1),
(8, 1),
(9, 1),
(10, 1),
(11, 1),
(12, 1),
(13, 1),
(14, 1),
(15, 1),
(16, 1),
(17, 1),
(18, 1),
(19, 1),
(20, 1),
(21, 1),
(22, 1),
(23, 1),
(24, 1),
(25, 1),
(26, 1),
(27, 1),
(28, 1),
(29, 1),
(30, 1),
(31, 1),
(32, 1),
(33, 1),
(34, 1),
(35, 1),
(36, 1),
(37, 1),
(38, 1),
(39, 1),
(40, 1),
(41, 1),
(42, 1),
(43, 1),
(44, 1),
(45, 1),
(46, 1),
(47, 1),
(48, 1),
(49, 1),
(50, 1),
(51, 1),
(52, 1),
(53, 1),
(54, 1),
(55, 1),
(56, 1),
(57, 1),
(58, 1),
(59, 1),
(60, 1),
(61, 1),
(62, 1),
(63, 1),
(64, 1),
(65, 1),
(66, 1),
(67, 1),
(68, 1),
(69, 1),
(70, 1),
(71, 1),
(72, 1),
(73, 1),
(74, 1),
(75, 1),
(76, 1),
(77, 1),
(78, 1),
(79, 1),
(80, 1),
(81, 1),
(82, 1),
(83, 1),
(84, 1),
(85, 1),
(86, 1),
(87, 1),
(88, 1),
(89, 1),
(90, 1),
(91, 1),
(92, 1),
(93, 1),
(94, 1),
(95, 1),
(96, 1),
(97, 1),
(98, 1),
(99, 1),
(100, 1),
(101, 1),
(102, 1),
(103, 1),
(104, 1),
(105, 1),
(106, 1),
(107, 1),
(108, 1);

-- --------------------------------------------------------

--
-- Estructura de tabla para la tabla `sessions`
--

CREATE TABLE `sessions` (
  `id` varchar(255) COLLATE utf8mb4_unicode_ci NOT NULL,
  `user_id` bigint UNSIGNED DEFAULT NULL,
  `ip_address` varchar(45) COLLATE utf8mb4_unicode_ci DEFAULT NULL,
  `user_agent` text COLLATE utf8mb4_unicode_ci,
  `payload` longtext COLLATE utf8mb4_unicode_ci NOT NULL,
  `last_activity` int NOT NULL
) ENGINE=InnoDB DEFAULT CHARSET=utf8mb4 COLLATE=utf8mb4_unicode_ci;

--
-- Volcado de datos para la tabla `sessions`
--

INSERT INTO `sessions` (`id`, `user_id`, `ip_address`, `user_agent`, `payload`, `last_activity`) VALUES
('58TrtahMKEJnHxkT50xMWC4SgxiilXyaiXAPs4lq', 1, '127.0.0.1', 'Mozilla/5.0 (Windows NT 10.0; Win64; x64) AppleWebKit/537.36 (KHTML, like Gecko) Chrome/148.0.0.0 Safari/537.36', 'YTo3OntzOjY6Il90b2tlbiI7czo0MDoieEJQa2N5VWRZemIwbFB0S0JwVWRSMkZvMDRlYzZqTnZKWEdaWDZpMiI7czo5OiJfcHJldmlvdXMiO2E6Mjp7czozOiJ1cmwiO3M6MzY6Imh0dHA6Ly8xMjcuMC4wLjE6ODAwMC9hZG1pbi9wcm9kdWN0cyI7czo1OiJyb3V0ZSI7czozOToiZmlsYW1lbnQuYWRtaW4ucmVzb3VyY2VzLnByb2R1Y3RzLmluZGV4Ijt9czo2OiJfZmxhc2giO2E6Mjp7czozOiJvbGQiO2E6MDp7fXM6MzoibmV3IjthOjA6e319czozOiJ1cmwiO2E6MDp7fXM6NTA6ImxvZ2luX3dlYl81OWJhMzZhZGRjMmIyZjk0MDE1ODBmMDE0YzdmNThlYTRlMzA5ODlkIjtpOjE7czoxNzoicGFzc3dvcmRfaGFzaF93ZWIiO3M6NjQ6ImVhZGI0MDkyYWE4NmRiM2FkNGRmMTczN2Y4Nzk0YjJmYjYwZTJmYTExMTZlYTMyYWI2ZjEzYjU4MmRhZjBmMzIiO3M6NjoidGFibGVzIjthOjU6e3M6NDA6IjAzYjJiZWJiZWZiNmVlZGUwZjQ0YzFhMTAwMDFhYjcyX2NvbHVtbnMiO2E6MTE6e2k6MDthOjc6e3M6NDoidHlwZSI7czo2OiJjb2x1bW4iO3M6NDoibmFtZSI7czo0OiJuYW1lIjtzOjU6ImxhYmVsIjtzOjQ6Ik5hbWUiO3M6ODoiaXNIaWRkZW4iO2I6MDtzOjk6ImlzVG9nZ2xlZCI7YjoxO3M6MTI6ImlzVG9nZ2xlYWJsZSI7YjowO3M6MjQ6ImlzVG9nZ2xlZEhpZGRlbkJ5RGVmYXVsdCI7Tjt9aToxO2E6Nzp7czo0OiJ0eXBlIjtzOjY6ImNvbHVtbiI7czo0OiJuYW1lIjtzOjEzOiJtYXJjYV9wZXJmdW1lIjtzOjU6ImxhYmVsIjtzOjEzOiJNYXJjYSBwZXJmdW1lIjtzOjg6ImlzSGlkZGVuIjtiOjA7czo5OiJpc1RvZ2dsZWQiO2I6MTtzOjEyOiJpc1RvZ2dsZWFibGUiO2I6MDtzOjI0OiJpc1RvZ2dsZWRIaWRkZW5CeURlZmF1bHQiO047fWk6MjthOjc6e3M6NDoidHlwZSI7czo2OiJjb2x1bW4iO3M6NDoibmFtZSI7czo1OiJzdG9jayI7czo1OiJsYWJlbCI7czo1OiJTdG9jayI7czo4OiJpc0hpZGRlbiI7YjowO3M6OToiaXNUb2dnbGVkIjtiOjE7czoxMjoiaXNUb2dnbGVhYmxlIjtiOjA7czoyNDoiaXNUb2dnbGVkSGlkZGVuQnlEZWZhdWx0IjtOO31pOjM7YTo3OntzOjQ6InR5cGUiO3M6NjoiY29sdW1uIjtzOjQ6Im5hbWUiO3M6MTU6Indob2xlc2FsZV9wcmljZSI7czo1OiJsYWJlbCI7czoxNToiV2hvbGVzYWxlIHByaWNlIjtzOjg6ImlzSGlkZGVuIjtiOjA7czo5OiJpc1RvZ2dsZWQiO2I6MTtzOjEyOiJpc1RvZ2dsZWFibGUiO2I6MDtzOjI0OiJpc1RvZ2dsZWRIaWRkZW5CeURlZmF1bHQiO047fWk6NDthOjc6e3M6NDoidHlwZSI7czo2OiJjb2x1bW4iO3M6NDoibmFtZSI7czoxMjoicmV0YWlsX3ByaWNlIjtzOjU6ImxhYmVsIjtzOjEyOiJSZXRhaWwgcHJpY2UiO3M6ODoiaXNIaWRkZW4iO2I6MDtzOjk6ImlzVG9nZ2xlZCI7YjoxO3M6MTI6ImlzVG9nZ2xlYWJsZSI7YjowO3M6MjQ6ImlzVG9nZ2xlZEhpZGRlbkJ5RGVmYXVsdCI7Tjt9aTo1O2E6Nzp7czo0OiJ0eXBlIjtzOjY6ImNvbHVtbiI7czo0OiJuYW1lIjtzOjEyOiJpc19leGNsdXNpdmUiO3M6NToibGFiZWwiO3M6MTI6IklzIGV4Y2x1c2l2ZSI7czo4OiJpc0hpZGRlbiI7YjowO3M6OToiaXNUb2dnbGVkIjtiOjE7czoxMjoiaXNUb2dnbGVhYmxlIjtiOjA7czoyNDoiaXNUb2dnbGVkSGlkZGVuQnlEZWZhdWx0IjtOO31pOjY7YTo3OntzOjQ6InR5cGUiO3M6NjoiY29sdW1uIjtzOjQ6Im5hbWUiO3M6ODoiaXNfb2ZmZXIiO3M6NToibGFiZWwiO3M6ODoiSXMgb2ZmZXIiO3M6ODoiaXNIaWRkZW4iO2I6MDtzOjk6ImlzVG9nZ2xlZCI7YjoxO3M6MTI6ImlzVG9nZ2xlYWJsZSI7YjowO3M6MjQ6ImlzVG9nZ2xlZEhpZGRlbkJ5RGVmYXVsdCI7Tjt9aTo3O2E6Nzp7czo0OiJ0eXBlIjtzOjY6ImNvbHVtbiI7czo0OiJuYW1lIjtzOjExOiJvZmZlcl9wcmljZSI7czo1OiJsYWJlbCI7czoxMToiT2ZmZXIgcHJpY2UiO3M6ODoiaXNIaWRkZW4iO2I6MDtzOjk6ImlzVG9nZ2xlZCI7YjoxO3M6MTI6ImlzVG9nZ2xlYWJsZSI7YjowO3M6MjQ6ImlzVG9nZ2xlZEhpZGRlbkJ5RGVmYXVsdCI7Tjt9aTo4O2E6Nzp7czo0OiJ0eXBlIjtzOjY6ImNvbHVtbiI7czo0OiJuYW1lIjtzOjU6ImltYWdlIjtzOjU6ImxhYmVsIjtzOjU6IkltYWdlIjtzOjg6ImlzSGlkZGVuIjtiOjA7czo5OiJpc1RvZ2dsZWQiO2I6MTtzOjEyOiJpc1RvZ2dsZWFibGUiO2I6MDtzOjI0OiJpc1RvZ2dsZWRIaWRkZW5CeURlZmF1bHQiO047fWk6OTthOjc6e3M6NDoidHlwZSI7czo2OiJjb2x1bW4iO3M6NDoibmFtZSI7czoxMDoiY3JlYXRlZF9hdCI7czo1OiJsYWJlbCI7czoxMDoiQ3JlYXRlZCBhdCI7czo4OiJpc0hpZGRlbiI7YjowO3M6OToiaXNUb2dnbGVkIjtiOjA7czoxMjoiaXNUb2dnbGVhYmxlIjtiOjE7czoyNDoiaXNUb2dnbGVkSGlkZGVuQnlEZWZhdWx0IjtiOjE7fWk6MTA7YTo3OntzOjQ6InR5cGUiO3M6NjoiY29sdW1uIjtzOjQ6Im5hbWUiO3M6MTA6InVwZGF0ZWRfYXQiO3M6NToibGFiZWwiO3M6MTA6IlVwZGF0ZWQgYXQiO3M6ODoiaXNIaWRkZW4iO2I6MDtzOjk6ImlzVG9nZ2xlZCI7YjowO3M6MTI6ImlzVG9nZ2xlYWJsZSI7YjoxO3M6MjQ6ImlzVG9nZ2xlZEhpZGRlbkJ5RGVmYXVsdCI7YjoxO319czo0MDoiYTk3NjEzMzhiM2RmZDFmNDVkMDNjNDJjYzkwOWI4YmJfY29sdW1ucyI7YTo4OntpOjA7YTo3OntzOjQ6InR5cGUiO3M6NjoiY29sdW1uIjtzOjQ6Im5hbWUiO3M6Njoibm9tYnJlIjtzOjU6ImxhYmVsIjtzOjY6Ik5vbWJyZSI7czo4OiJpc0hpZGRlbiI7YjowO3M6OToiaXNUb2dnbGVkIjtiOjE7czoxMjoiaXNUb2dnbGVhYmxlIjtiOjA7czoyNDoiaXNUb2dnbGVkSGlkZGVuQnlEZWZhdWx0IjtOO31pOjE7YTo3OntzOjQ6InR5cGUiO3M6NjoiY29sdW1uIjtzOjQ6Im5hbWUiO3M6ODoiYXBlbGxpZG8iO3M6NToibGFiZWwiO3M6ODoiQXBlbGxpZG8iO3M6ODoiaXNIaWRkZW4iO2I6MDtzOjk6ImlzVG9nZ2xlZCI7YjoxO3M6MTI6ImlzVG9nZ2xlYWJsZSI7YjowO3M6MjQ6ImlzVG9nZ2xlZEhpZGRlbkJ5RGVmYXVsdCI7Tjt9aToyO2E6Nzp7czo0OiJ0eXBlIjtzOjY6ImNvbHVtbiI7czo0OiJuYW1lIjtzOjY6ImNlZHVsYSI7czo1OiJsYWJlbCI7czo2OiJDZWR1bGEiO3M6ODoiaXNIaWRkZW4iO2I6MDtzOjk6ImlzVG9nZ2xlZCI7YjoxO3M6MTI6ImlzVG9nZ2xlYWJsZSI7YjowO3M6MjQ6ImlzVG9nZ2xlZEhpZGRlbkJ5RGVmYXVsdCI7Tjt9aTozO2E6Nzp7czo0OiJ0eXBlIjtzOjY6ImNvbHVtbiI7czo0OiJuYW1lIjtzOjg6InRlbGVmb25vIjtzOjU6ImxhYmVsIjtzOjg6IlRlbGVmb25vIjtzOjg6ImlzSGlkZGVuIjtiOjA7czo5OiJpc1RvZ2dsZWQiO2I6MTtzOjEyOiJpc1RvZ2dsZWFibGUiO2I6MDtzOjI0OiJpc1RvZ2dsZWRIaWRkZW5CeURlZmF1bHQiO047fWk6NDthOjc6e3M6NDoidHlwZSI7czo2OiJjb2x1bW4iO3M6NDoibmFtZSI7czo2OiJjb3JyZW8iO3M6NToibGFiZWwiO3M6NjoiQ29ycmVvIjtzOjg6ImlzSGlkZGVuIjtiOjA7czo5OiJpc1RvZ2dsZWQiO2I6MTtzOjEyOiJpc1RvZ2dsZWFibGUiO2I6MDtzOjI0OiJpc1RvZ2dsZWRIaWRkZW5CeURlZmF1bHQiO047fWk6NTthOjc6e3M6NDoidHlwZSI7czo2OiJjb2x1bW4iO3M6NDoibmFtZSI7czo2OiJnZW5lcm8iO3M6NToibGFiZWwiO3M6NjoiR2VuZXJvIjtzOjg6ImlzSGlkZGVuIjtiOjA7czo5OiJpc1RvZ2dsZWQiO2I6MTtzOjEyOiJpc1RvZ2dsZWFibGUiO2I6MDtzOjI0OiJpc1RvZ2dsZWRIaWRkZW5CeURlZmF1bHQiO047fWk6NjthOjc6e3M6NDoidHlwZSI7czo2OiJjb2x1bW4iO3M6NDoibmFtZSI7czoxMDoiY3JlYXRlZF9hdCI7czo1OiJsYWJlbCI7czoxMDoiQ3JlYXRlZCBhdCI7czo4OiJpc0hpZGRlbiI7YjowO3M6OToiaXNUb2dnbGVkIjtiOjA7czoxMjoiaXNUb2dnbGVhYmxlIjtiOjE7czoyNDoiaXNUb2dnbGVkSGlkZGVuQnlEZWZhdWx0IjtiOjE7fWk6NzthOjc6e3M6NDoidHlwZSI7czo2OiJjb2x1bW4iO3M6NDoibmFtZSI7czoxMDoidXBkYXRlZF9hdCI7czo1OiJsYWJlbCI7czoxMDoiVXBkYXRlZCBhdCI7czo4OiJpc0hpZGRlbiI7YjowO3M6OToiaXNUb2dnbGVkIjtiOjA7czoxMjoiaXNUb2dnbGVhYmxlIjtiOjE7czoyNDoiaXNUb2dnbGVkSGlkZGVuQnlEZWZhdWx0IjtiOjE7fX1zOjQwOiJhN2E5NjI5YmVhMmNjYWM5ZGQzMjY0ZmVmYzcwNjI0OV9jb2x1bW5zIjthOjU6e2k6MDthOjc6e3M6NDoidHlwZSI7czo2OiJjb2x1bW4iO3M6NDoibmFtZSI7czoxMjoicHJvdmVlZG9yLmlkIjtzOjU6ImxhYmVsIjtzOjk6IlByb3ZlZWRvciI7czo4OiJpc0hpZGRlbiI7YjowO3M6OToiaXNUb2dnbGVkIjtiOjE7czoxMjoiaXNUb2dnbGVhYmxlIjtiOjA7czoyNDoiaXNUb2dnbGVkSGlkZGVuQnlEZWZhdWx0IjtOO31pOjE7YTo3OntzOjQ6InR5cGUiO3M6NjoiY29sdW1uIjtzOjQ6Im5hbWUiO3M6MTI6ImZlY2hhX2NvbXByYSI7czo1OiJsYWJlbCI7czoxMjoiRmVjaGEgY29tcHJhIjtzOjg6ImlzSGlkZGVuIjtiOjA7czo5OiJpc1RvZ2dsZWQiO2I6MTtzOjEyOiJpc1RvZ2dsZWFibGUiO2I6MDtzOjI0OiJpc1RvZ2dsZWRIaWRkZW5CeURlZmF1bHQiO047fWk6MjthOjc6e3M6NDoidHlwZSI7czo2OiJjb2x1bW4iO3M6NDoibmFtZSI7czoxMjoidG90YWxfY29tcHJhIjtzOjU6ImxhYmVsIjtzOjEyOiJUb3RhbCBjb21wcmEiO3M6ODoiaXNIaWRkZW4iO2I6MDtzOjk6ImlzVG9nZ2xlZCI7YjoxO3M6MTI6ImlzVG9nZ2xlYWJsZSI7YjowO3M6MjQ6ImlzVG9nZ2xlZEhpZGRlbkJ5RGVmYXVsdCI7Tjt9aTozO2E6Nzp7czo0OiJ0eXBlIjtzOjY6ImNvbHVtbiI7czo0OiJuYW1lIjtzOjEwOiJjcmVhdGVkX2F0IjtzOjU6ImxhYmVsIjtzOjEwOiJDcmVhdGVkIGF0IjtzOjg6ImlzSGlkZGVuIjtiOjA7czo5OiJpc1RvZ2dsZWQiO2I6MDtzOjEyOiJpc1RvZ2dsZWFibGUiO2I6MTtzOjI0OiJpc1RvZ2dsZWRIaWRkZW5CeURlZmF1bHQiO2I6MTt9aTo0O2E6Nzp7czo0OiJ0eXBlIjtzOjY6ImNvbHVtbiI7czo0OiJuYW1lIjtzOjEwOiJ1cGRhdGVkX2F0IjtzOjU6ImxhYmVsIjtzOjEwOiJVcGRhdGVkIGF0IjtzOjg6ImlzSGlkZGVuIjtiOjA7czo5OiJpc1RvZ2dsZWQiO2I6MDtzOjEyOiJpc1RvZ2dsZWFibGUiO2I6MTtzOjI0OiJpc1RvZ2dsZWRIaWRkZW5CeURlZmF1bHQiO2I6MTt9fXM6NDA6IjI3YjkxMzViMDFkMzc3NmNjNTliZTQ0ZWU4YzE5YzQwX2NvbHVtbnMiO2E6OTp7aTowO2E6Nzp7czo0OiJ0eXBlIjtzOjY6ImNvbHVtbiI7czo0OiJuYW1lIjtzOjk6ImNvbXByYS5pZCI7czo1OiJsYWJlbCI7czo2OiJDb21wcmEiO3M6ODoiaXNIaWRkZW4iO2I6MDtzOjk6ImlzVG9nZ2xlZCI7YjoxO3M6MTI6ImlzVG9nZ2xlYWJsZSI7YjowO3M6MjQ6ImlzVG9nZ2xlZEhpZGRlbkJ5RGVmYXVsdCI7Tjt9aToxO2E6Nzp7czo0OiJ0eXBlIjtzOjY6ImNvbHVtbiI7czo0OiJuYW1lIjtzOjE0OiJub21icmVfcGVyZnVtZSI7czo1OiJsYWJlbCI7czoxNDoiTm9tYnJlIHBlcmZ1bWUiO3M6ODoiaXNIaWRkZW4iO2I6MDtzOjk6ImlzVG9nZ2xlZCI7YjoxO3M6MTI6ImlzVG9nZ2xlYWJsZSI7YjowO3M6MjQ6ImlzVG9nZ2xlZEhpZGRlbkJ5RGVmYXVsdCI7Tjt9aToyO2E6Nzp7czo0OiJ0eXBlIjtzOjY6ImNvbHVtbiI7czo0OiJuYW1lIjtzOjEzOiJtYXJjYV9wZXJmdW1lIjtzOjU6ImxhYmVsIjtzOjEzOiJNYXJjYSBwZXJmdW1lIjtzOjg6ImlzSGlkZGVuIjtiOjA7czo5OiJpc1RvZ2dsZWQiO2I6MTtzOjEyOiJpc1RvZ2dsZWFibGUiO2I6MDtzOjI0OiJpc1RvZ2dsZWRIaWRkZW5CeURlZmF1bHQiO047fWk6MzthOjc6e3M6NDoidHlwZSI7czo2OiJjb2x1bW4iO3M6NDoibmFtZSI7czoxMDoibWlsaWxpdHJvcyI7czo1OiJsYWJlbCI7czoxMDoiTWlsaWxpdHJvcyI7czo4OiJpc0hpZGRlbiI7YjowO3M6OToiaXNUb2dnbGVkIjtiOjE7czoxMjoiaXNUb2dnbGVhYmxlIjtiOjA7czoyNDoiaXNUb2dnbGVkSGlkZGVuQnlEZWZhdWx0IjtOO31pOjQ7YTo3OntzOjQ6InR5cGUiO3M6NjoiY29sdW1uIjtzOjQ6Im5hbWUiO3M6ODoiY2FudGlkYWQiO3M6NToibGFiZWwiO3M6ODoiQ2FudGlkYWQiO3M6ODoiaXNIaWRkZW4iO2I6MDtzOjk6ImlzVG9nZ2xlZCI7YjoxO3M6MTI6ImlzVG9nZ2xlYWJsZSI7YjowO3M6MjQ6ImlzVG9nZ2xlZEhpZGRlbkJ5RGVmYXVsdCI7Tjt9aTo1O2E6Nzp7czo0OiJ0eXBlIjtzOjY6ImNvbHVtbiI7czo0OiJuYW1lIjtzOjE0OiJjb3N0b191bml0YXJpbyI7czo1OiJsYWJlbCI7czoxNDoiQ29zdG8gdW5pdGFyaW8iO3M6ODoiaXNIaWRkZW4iO2I6MDtzOjk6ImlzVG9nZ2xlZCI7YjoxO3M6MTI6ImlzVG9nZ2xlYWJsZSI7YjowO3M6MjQ6ImlzVG9nZ2xlZEhpZGRlbkJ5RGVmYXVsdCI7Tjt9aTo2O2E6Nzp7czo0OiJ0eXBlIjtzOjY6ImNvbHVtbiI7czo0OiJuYW1lIjtzOjg6InN1YnRvdGFsIjtzOjU6ImxhYmVsIjtzOjg6IlN1YnRvdGFsIjtzOjg6ImlzSGlkZGVuIjtiOjA7czo5OiJpc1RvZ2dsZWQiO2I6MTtzOjEyOiJpc1RvZ2dsZWFibGUiO2I6MDtzOjI0OiJpc1RvZ2dsZWRIaWRkZW5CeURlZmF1bHQiO047fWk6NzthOjc6e3M6NDoidHlwZSI7czo2OiJjb2x1bW4iO3M6NDoibmFtZSI7czoxMDoiY3JlYXRlZF9hdCI7czo1OiJsYWJlbCI7czoxMDoiQ3JlYXRlZCBhdCI7czo4OiJpc0hpZGRlbiI7YjowO3M6OToiaXNUb2dnbGVkIjtiOjA7czoxMjoiaXNUb2dnbGVhYmxlIjtiOjE7czoyNDoiaXNUb2dnbGVkSGlkZGVuQnlEZWZhdWx0IjtiOjE7fWk6ODthOjc6e3M6NDoidHlwZSI7czo2OiJjb2x1bW4iO3M6NDoibmFtZSI7czoxMDoidXBkYXRlZF9hdCI7czo1OiJsYWJlbCI7czoxMDoiVXBkYXRlZCBhdCI7czo4OiJpc0hpZGRlbiI7YjowO3M6OToiaXNUb2dnbGVkIjtiOjA7czoxMjoiaXNUb2dnbGVhYmxlIjtiOjE7czoyNDoiaXNUb2dnbGVkSGlkZGVuQnlEZWZhdWx0IjtiOjE7fX1zOjQwOiJhMDcyNWQ0YTBiZjQ4YTAxZmVlODliZTI1NGUzZjBlNl9jb2x1bW5zIjthOjg6e2k6MDthOjc6e3M6NDoidHlwZSI7czo2OiJjb2x1bW4iO3M6NDoibmFtZSI7czo4OiJ2ZW50YS5pZCI7czo1OiJsYWJlbCI7czo1OiJWZW50YSI7czo4OiJpc0hpZGRlbiI7YjowO3M6OToiaXNUb2dnbGVkIjtiOjE7czoxMjoiaXNUb2dnbGVhYmxlIjtiOjA7czoyNDoiaXNUb2dnbGVkSGlkZGVuQnlEZWZhdWx0IjtOO31pOjE7YTo3OntzOjQ6InR5cGUiO3M6NjoiY29sdW1uIjtzOjQ6Im5hbWUiO3M6MTA6InByb2R1Y3RfaWQiO3M6NToibGFiZWwiO3M6ODoiUHJvZHVjdG8iO3M6ODoiaXNIaWRkZW4iO2I6MDtzOjk6ImlzVG9nZ2xlZCI7YjoxO3M6MTI6ImlzVG9nZ2xlYWJsZSI7YjowO3M6MjQ6ImlzVG9nZ2xlZEhpZGRlbkJ5RGVmYXVsdCI7Tjt9aToyO2E6Nzp7czo0OiJ0eXBlIjtzOjY6ImNvbHVtbiI7czo0OiJuYW1lIjtzOjIyOiJwcm9kdWN0by5tYXJjYV9wZXJmdW1lIjtzOjU6ImxhYmVsIjtzOjU6Ik1hcmNhIjtzOjg6ImlzSGlkZGVuIjtiOjA7czo5OiJpc1RvZ2dsZWQiO2I6MTtzOjEyOiJpc1RvZ2dsZWFibGUiO2I6MDtzOjI0OiJpc1RvZ2dsZWRIaWRkZW5CeURlZmF1bHQiO047fWk6MzthOjc6e3M6NDoidHlwZSI7czo2OiJjb2x1bW4iO3M6NDoibmFtZSI7czo4OiJjYW50aWRhZCI7czo1OiJsYWJlbCI7czo4OiJDYW50aWRhZCI7czo4OiJpc0hpZGRlbiI7YjowO3M6OToiaXNUb2dnbGVkIjtiOjE7czoxMjoiaXNUb2dnbGVhYmxlIjtiOjA7czoyNDoiaXNUb2dnbGVkSGlkZGVuQnlEZWZhdWx0IjtOO31pOjQ7YTo3OntzOjQ6InR5cGUiO3M6NjoiY29sdW1uIjtzOjQ6Im5hbWUiO3M6MTU6InByZWNpb191bml0YXJpbyI7czo1OiJsYWJlbCI7czoxNToiUHJlY2lvIHVuaXRhcmlvIjtzOjg6ImlzSGlkZGVuIjtiOjA7czo5OiJpc1RvZ2dsZWQiO2I6MTtzOjEyOiJpc1RvZ2dsZWFibGUiO2I6MDtzOjI0OiJpc1RvZ2dsZWRIaWRkZW5CeURlZmF1bHQiO047fWk6NTthOjc6e3M6NDoidHlwZSI7czo2OiJjb2x1bW4iO3M6NDoibmFtZSI7czo4OiJzdWJ0b3RhbCI7czo1OiJsYWJlbCI7czo4OiJTdWJ0b3RhbCI7czo4OiJpc0hpZGRlbiI7YjowO3M6OToiaXNUb2dnbGVkIjtiOjE7czoxMjoiaXNUb2dnbGVhYmxlIjtiOjA7czoyNDoiaXNUb2dnbGVkSGlkZGVuQnlEZWZhdWx0IjtOO31pOjY7YTo3OntzOjQ6InR5cGUiO3M6NjoiY29sdW1uIjtzOjQ6Im5hbWUiO3M6MTA6ImNyZWF0ZWRfYXQiO3M6NToibGFiZWwiO3M6MTA6IkNyZWF0ZWQgYXQiO3M6ODoiaXNIaWRkZW4iO2I6MDtzOjk6ImlzVG9nZ2xlZCI7YjowO3M6MTI6ImlzVG9nZ2xlYWJsZSI7YjoxO3M6MjQ6ImlzVG9nZ2xlZEhpZGRlbkJ5RGVmYXVsdCI7YjoxO31pOjc7YTo3OntzOjQ6InR5cGUiO3M6NjoiY29sdW1uIjtzOjQ6Im5hbWUiO3M6MTA6InVwZGF0ZWRfYXQiO3M6NToibGFiZWwiO3M6MTA6IlVwZGF0ZWQgYXQiO3M6ODoiaXNIaWRkZW4iO2I6MDtzOjk6ImlzVG9nZ2xlZCI7YjowO3M6MTI6ImlzVG9nZ2xlYWJsZSI7YjoxO3M6MjQ6ImlzVG9nZ2xlZEhpZGRlbkJ5RGVmYXVsdCI7YjoxO319fX0=', 1779134393);

-- --------------------------------------------------------

--
-- Estructura de tabla para la tabla `users`
--

CREATE TABLE `users` (
  `id` bigint UNSIGNED NOT NULL,
  `name` varchar(255) COLLATE utf8mb4_unicode_ci NOT NULL,
  `email` varchar(255) COLLATE utf8mb4_unicode_ci NOT NULL,
  `email_verified_at` timestamp NULL DEFAULT NULL,
  `password` varchar(255) COLLATE utf8mb4_unicode_ci NOT NULL,
  `remember_token` varchar(100) COLLATE utf8mb4_unicode_ci DEFAULT NULL,
  `created_at` timestamp NULL DEFAULT NULL,
  `updated_at` timestamp NULL DEFAULT NULL
) ENGINE=InnoDB DEFAULT CHARSET=utf8mb4 COLLATE=utf8mb4_unicode_ci;

--
-- Volcado de datos para la tabla `users`
--

INSERT INTO `users` (`id`, `name`, `email`, `email_verified_at`, `password`, `remember_token`, `created_at`, `updated_at`) VALUES
(1, 'admin', 'admin@gmail.com', NULL, '$2y$12$LDn5G83XgwSVn8MfZsYcGuoVrPgWOimLnTH1uo0yj8n2vE48J7NgW', NULL, '2026-05-18 05:43:56', '2026-05-18 05:43:56');

-- --------------------------------------------------------

--
-- Estructura de tabla para la tabla `ventas`
--

CREATE TABLE `ventas` (
  `id` bigint UNSIGNED NOT NULL,
  `cliente_id` bigint UNSIGNED NOT NULL,
  `user_id` bigint UNSIGNED NOT NULL,
  `fecha_venta` date NOT NULL,
  `total_venta` decimal(12,2) NOT NULL DEFAULT '0.00',
  `created_at` timestamp NULL DEFAULT NULL,
  `updated_at` timestamp NULL DEFAULT NULL
) ENGINE=InnoDB DEFAULT CHARSET=utf8mb4 COLLATE=utf8mb4_unicode_ci;

--
-- Volcado de datos para la tabla `ventas`
--

INSERT INTO `ventas` (`id`, `cliente_id`, `user_id`, `fecha_venta`, `total_venta`, `created_at`, `updated_at`) VALUES
(2, 1, 1, '2026-05-18', 65.00, '2026-05-18 07:43:43', '2026-05-18 07:43:43');

--
-- Índices para tablas volcadas
--

--
-- Indices de la tabla `cache`
--
ALTER TABLE `cache`
  ADD PRIMARY KEY (`key`),
  ADD KEY `cache_expiration_index` (`expiration`);

--
-- Indices de la tabla `cache_locks`
--
ALTER TABLE `cache_locks`
  ADD PRIMARY KEY (`key`),
  ADD KEY `cache_locks_expiration_index` (`expiration`);

--
-- Indices de la tabla `clientes`
--
ALTER TABLE `clientes`
  ADD PRIMARY KEY (`id`),
  ADD UNIQUE KEY `clientes_cedula_unique` (`cedula`),
  ADD UNIQUE KEY `clientes_correo_unique` (`correo`);

--
-- Indices de la tabla `compras`
--
ALTER TABLE `compras`
  ADD PRIMARY KEY (`id`),
  ADD KEY `compras_proveedor_id_foreign` (`proveedor_id`);

--
-- Indices de la tabla `detalle_compras`
--
ALTER TABLE `detalle_compras`
  ADD PRIMARY KEY (`id`),
  ADD KEY `detalle_compras_compra_id_foreign` (`compra_id`);

--
-- Indices de la tabla `detalle_ventas`
--
ALTER TABLE `detalle_ventas`
  ADD PRIMARY KEY (`id`),
  ADD KEY `detalle_ventas_venta_id_foreign` (`venta_id`),
  ADD KEY `detalle_ventas_product_id_foreign` (`product_id`);

--
-- Indices de la tabla `expenses`
--
ALTER TABLE `expenses`
  ADD PRIMARY KEY (`id`);

--
-- Indices de la tabla `failed_jobs`
--
ALTER TABLE `failed_jobs`
  ADD PRIMARY KEY (`id`),
  ADD UNIQUE KEY `failed_jobs_uuid_unique` (`uuid`);

--
-- Indices de la tabla `jobs`
--
ALTER TABLE `jobs`
  ADD PRIMARY KEY (`id`),
  ADD KEY `jobs_queue_index` (`queue`);

--
-- Indices de la tabla `job_batches`
--
ALTER TABLE `job_batches`
  ADD PRIMARY KEY (`id`);

--
-- Indices de la tabla `migrations`
--
ALTER TABLE `migrations`
  ADD PRIMARY KEY (`id`);

--
-- Indices de la tabla `model_has_permissions`
--
ALTER TABLE `model_has_permissions`
  ADD PRIMARY KEY (`permission_id`,`model_id`,`model_type`),
  ADD KEY `model_has_permissions_model_id_model_type_index` (`model_id`,`model_type`);

--
-- Indices de la tabla `model_has_roles`
--
ALTER TABLE `model_has_roles`
  ADD PRIMARY KEY (`role_id`,`model_id`,`model_type`),
  ADD KEY `model_has_roles_model_id_model_type_index` (`model_id`,`model_type`);

--
-- Indices de la tabla `password_reset_tokens`
--
ALTER TABLE `password_reset_tokens`
  ADD PRIMARY KEY (`email`);

--
-- Indices de la tabla `permissions`
--
ALTER TABLE `permissions`
  ADD PRIMARY KEY (`id`),
  ADD UNIQUE KEY `permissions_name_guard_name_unique` (`name`,`guard_name`);

--
-- Indices de la tabla `products`
--
ALTER TABLE `products`
  ADD PRIMARY KEY (`id`);

--
-- Indices de la tabla `proveedores`
--
ALTER TABLE `proveedores`
  ADD PRIMARY KEY (`id`);

--
-- Indices de la tabla `roles`
--
ALTER TABLE `roles`
  ADD PRIMARY KEY (`id`),
  ADD UNIQUE KEY `roles_name_guard_name_unique` (`name`,`guard_name`);

--
-- Indices de la tabla `role_has_permissions`
--
ALTER TABLE `role_has_permissions`
  ADD PRIMARY KEY (`permission_id`,`role_id`),
  ADD KEY `role_has_permissions_role_id_foreign` (`role_id`);

--
-- Indices de la tabla `sessions`
--
ALTER TABLE `sessions`
  ADD PRIMARY KEY (`id`),
  ADD KEY `sessions_user_id_index` (`user_id`),
  ADD KEY `sessions_last_activity_index` (`last_activity`);

--
-- Indices de la tabla `users`
--
ALTER TABLE `users`
  ADD PRIMARY KEY (`id`),
  ADD UNIQUE KEY `users_email_unique` (`email`);

--
-- Indices de la tabla `ventas`
--
ALTER TABLE `ventas`
  ADD PRIMARY KEY (`id`),
  ADD KEY `ventas_cliente_id_foreign` (`cliente_id`),
  ADD KEY `ventas_user_id_foreign` (`user_id`);

--
-- AUTO_INCREMENT de las tablas volcadas
--

--
-- AUTO_INCREMENT de la tabla `clientes`
--
ALTER TABLE `clientes`
  MODIFY `id` bigint UNSIGNED NOT NULL AUTO_INCREMENT, AUTO_INCREMENT=2;

--
-- AUTO_INCREMENT de la tabla `compras`
--
ALTER TABLE `compras`
  MODIFY `id` bigint UNSIGNED NOT NULL AUTO_INCREMENT, AUTO_INCREMENT=3;

--
-- AUTO_INCREMENT de la tabla `detalle_compras`
--
ALTER TABLE `detalle_compras`
  MODIFY `id` bigint UNSIGNED NOT NULL AUTO_INCREMENT, AUTO_INCREMENT=3;

--
-- AUTO_INCREMENT de la tabla `detalle_ventas`
--
ALTER TABLE `detalle_ventas`
  MODIFY `id` bigint UNSIGNED NOT NULL AUTO_INCREMENT, AUTO_INCREMENT=3;

--
-- AUTO_INCREMENT de la tabla `expenses`
--
ALTER TABLE `expenses`
  MODIFY `id` bigint UNSIGNED NOT NULL AUTO_INCREMENT;

--
-- AUTO_INCREMENT de la tabla `failed_jobs`
--
ALTER TABLE `failed_jobs`
  MODIFY `id` bigint UNSIGNED NOT NULL AUTO_INCREMENT;

--
-- AUTO_INCREMENT de la tabla `jobs`
--
ALTER TABLE `jobs`
  MODIFY `id` bigint UNSIGNED NOT NULL AUTO_INCREMENT;

--
-- AUTO_INCREMENT de la tabla `migrations`
--
ALTER TABLE `migrations`
  MODIFY `id` int UNSIGNED NOT NULL AUTO_INCREMENT, AUTO_INCREMENT=14;

--
-- AUTO_INCREMENT de la tabla `permissions`
--
ALTER TABLE `permissions`
  MODIFY `id` bigint UNSIGNED NOT NULL AUTO_INCREMENT, AUTO_INCREMENT=109;

--
-- AUTO_INCREMENT de la tabla `products`
--
ALTER TABLE `products`
  MODIFY `id` bigint UNSIGNED NOT NULL AUTO_INCREMENT, AUTO_INCREMENT=3;

--
-- AUTO_INCREMENT de la tabla `proveedores`
--
ALTER TABLE `proveedores`
  MODIFY `id` bigint UNSIGNED NOT NULL AUTO_INCREMENT, AUTO_INCREMENT=2;

--
-- AUTO_INCREMENT de la tabla `roles`
--
ALTER TABLE `roles`
  MODIFY `id` bigint UNSIGNED NOT NULL AUTO_INCREMENT, AUTO_INCREMENT=2;

--
-- AUTO_INCREMENT de la tabla `users`
--
ALTER TABLE `users`
  MODIFY `id` bigint UNSIGNED NOT NULL AUTO_INCREMENT, AUTO_INCREMENT=2;

--
-- AUTO_INCREMENT de la tabla `ventas`
--
ALTER TABLE `ventas`
  MODIFY `id` bigint UNSIGNED NOT NULL AUTO_INCREMENT, AUTO_INCREMENT=3;

--
-- Restricciones para tablas volcadas
--

--
-- Filtros para la tabla `compras`
--
ALTER TABLE `compras`
  ADD CONSTRAINT `compras_proveedor_id_foreign` FOREIGN KEY (`proveedor_id`) REFERENCES `proveedores` (`id`);

--
-- Filtros para la tabla `detalle_compras`
--
ALTER TABLE `detalle_compras`
  ADD CONSTRAINT `detalle_compras_compra_id_foreign` FOREIGN KEY (`compra_id`) REFERENCES `compras` (`id`) ON DELETE CASCADE;

--
-- Filtros para la tabla `detalle_ventas`
--
ALTER TABLE `detalle_ventas`
  ADD CONSTRAINT `detalle_ventas_product_id_foreign` FOREIGN KEY (`product_id`) REFERENCES `products` (`id`),
  ADD CONSTRAINT `detalle_ventas_venta_id_foreign` FOREIGN KEY (`venta_id`) REFERENCES `ventas` (`id`) ON DELETE CASCADE;

--
-- Filtros para la tabla `model_has_permissions`
--
ALTER TABLE `model_has_permissions`
  ADD CONSTRAINT `model_has_permissions_permission_id_foreign` FOREIGN KEY (`permission_id`) REFERENCES `permissions` (`id`) ON DELETE CASCADE;

--
-- Filtros para la tabla `model_has_roles`
--
ALTER TABLE `model_has_roles`
  ADD CONSTRAINT `model_has_roles_role_id_foreign` FOREIGN KEY (`role_id`) REFERENCES `roles` (`id`) ON DELETE CASCADE;

--
-- Filtros para la tabla `role_has_permissions`
--
ALTER TABLE `role_has_permissions`
  ADD CONSTRAINT `role_has_permissions_permission_id_foreign` FOREIGN KEY (`permission_id`) REFERENCES `permissions` (`id`) ON DELETE CASCADE,
  ADD CONSTRAINT `role_has_permissions_role_id_foreign` FOREIGN KEY (`role_id`) REFERENCES `roles` (`id`) ON DELETE CASCADE;

--
-- Filtros para la tabla `ventas`
--
ALTER TABLE `ventas`
  ADD CONSTRAINT `ventas_cliente_id_foreign` FOREIGN KEY (`cliente_id`) REFERENCES `clientes` (`id`) ON DELETE CASCADE,
  ADD CONSTRAINT `ventas_user_id_foreign` FOREIGN KEY (`user_id`) REFERENCES `users` (`id`);
COMMIT;

/*!40101 SET CHARACTER_SET_CLIENT=@OLD_CHARACTER_SET_CLIENT */;
/*!40101 SET CHARACTER_SET_RESULTS=@OLD_CHARACTER_SET_RESULTS */;
/*!40101 SET COLLATION_CONNECTION=@OLD_COLLATION_CONNECTION */;
